{"RMS": 0.36980786327094806, "CameraMatrix": [[218.792814876677, 0.0, 322.66660990415625], [0.0, 224.37416225752526, 243.22672826370496], [0.0, 0.0, 1.0]], "DistortionCoefficients": [0.049525134150652995, 1.0775589917895623, -0.0035799815932222806, -0.0002812855712497621, -3.2901233106043244], "NewCameraMatrix": [[218.792814876677, 0.0, 322.66660990415625], [0.0, 224.37416225752523, 243.22672826370493], [0.0, 0.0, 1.0]], "ROI": [0, 0, 639, 479]}